title,url,markdown,author,description,date,image,favicon
Circulars,https://cdsco.gov.in/opencms/opencms/en/Acts-and-rules/Medical-Devices-Rules,"- [Home](https://cdsco.gov.in/opencms/opencms/en/)
- [Act & Rules](https://cdsco.gov.in/opencms/opencms/en/Acts-and-rules/)
- [Medical Devices Rules, 2017](https://cdsco.gov.in/opencms/opencms/en/Acts-and-rules/Medical-Devices-Rules/)

## Medical Devices Rules, 2017

102550100 entries per page

Search:

| S.no | Title | Release Date | Download Pdf | Pdf Size |
| --- | --- | --- | --- | --- |
| 1 | 2023.06.02\_MDR\_Final G.S.R. 409(E)\_Amendment in Rule 18 and 19 for notifying State MDTL | 2023-Jun-02 |  | 1157 KB |
| 2 | MEDICAL DEVICES RULES, 2017 | 2023-Feb-15 |  | 1692 KB |
| 3 | MDR\_G.S.R. 777(E) dt\_14.10.2022\_exemption of non sterile and non measuring Class A medical devices from licensing regime | 2022-Oct-14 |  | 1012 KB |
| 4 | MDR\_G.S.R. 754(E) dt\_30.09.2022\_Regulation of sale of medical devices via registration of premises under MDR 2017 | 2022-Sep-30 |  | 1384 KB |
| 5 | 2022.09.28\_S.O. 4574(E)\_Designation of Government Analysts at RDTL Chandigarh as MDTO as per MDR 2017 | 2022-Sep-28 |  | 1220 KB |
| 6 | 2022.09.28\_S.O. 4573(E)\_Notification for designation of RDTL Chandigarh also as CMDTL as per MDR 2017 | 2022-Sep-28 |  | 1291 KB |
| 7 | 2022.08.10\_S.O. 3758(E)\_To authorize director incharge of CDL Kolkata for signing report of test of MD samples sent by Court o | 2022-Aug-10 |  | 766 KB |
| 8 | 2022.08.02\_S.O. 3739(E)\_Notification of Medical Devices Testing Officer for CMDTL | 2022-Aug-02 |  | 1263 KB |
| 9 | MDR\_G.S.R. 450(E) dt\_15.06.2022\_To amend Fourth Schedule wrt TSE or BSE certificate under MDR | 2022-Jun-15 |  | 1385 KB |
| 10 | MDR\_G.S.R. 356(E) dt\_18.05.2022\_Insert rule 43A for Suspension and cancellation of license in MDR 2017 | 2022-May-18 |  | 1337 KB |

Showing 1 to 10 of 34 entries

«‹1234›»",,"{{description}}, he Central Drugs Standard Control Organisation(CDSCO)under Directorate General of Health Services,Ministry of Health & Family Welfare,Government of India is the National Regulatory Authority (NRA) of India.",,,
"Regulatory Framework for In Vitro Diagnostic Devices in India: Current Landscape, Challenges, and Future Perspectives | The Journal of Applied Laboratory Medicine | Oxford Academic",https://academic.oup.com/jalm/article/11/1/125/8320605,"[Skip to Main Content](https://academic.oup.com/jalm/article/11/1/125/8320605#skipNav)

Article Navigation

Close mobile search navigation

Article Navigation

Article Navigation


Article Navigation


- [![pdf](https://oup.silverchair-cdn.com/UI/app/svg/pdf.svg)PDF](https://academic.oup.com/jalm/article-pdf/11/1/125/65269993/jfaf164.pdf)
- Split View

- Views






  - Article contents
  - Figures & tables
  - Video
  - Audio
  - Supplementary Data
- _Share Icon_Share  - Bluesky
  - Facebook
  - X
  - LinkedIn
  - Email

[Download all slides](https://academic.oup.com/DownloadFile/DownloadImage.aspx?image=&PPTtype=SlideSet&ar=8320605&xsltPath=~/UI/app/XSLT&siteId=6252)",,AbstractBackground. In vitro diagnostic (IVD) devices are essential for disease detection and clinical decision-making. India’s IVD market has grown rapidl,,,https://oup.silverchair-cdn.com/UI/app/img/v-639126814730653761/favicon-32x32.png
Medical device & diagnostics,https://cdsco.gov.in/opencms/opencms/en/Medical-Device-Diagnostics/Medical-Device-Diagnostics/,"What's New![new](https://cdsco.gov.in/opencms/opencms/Image_folder/new1.gif)[Notice regarding Guidance for approval Covid-19 vaccine in India for restricted use in emergency situation which are already approved for restricted use by US FDA EMA, UK MHRA, PMDA Japan or which are listed in WHO Emergency use listing](https://cdsco.gov.in/opencms/opencms/Pdf-documents/notice15april21.pdf ""Covid-19 guidance"") 15th April,2021[DCGI Message 2021](https://cdsco.gov.in/opencms/opencms/Pdf-documents/Messages/DCGI_Message_2021.pdf ""DCGI Message 2020"") 01 Jan 2021[For Medical devices which are under voluntary registrations, the file number generated is the registration number of firm.](https://cdsco.gov.in/opencms/opencms/en/Medical-Device-Diagnostics/Medical-Device-Diagnostics/#)[E-GOV cell at CDSCO](https://cdsco.gov.in/opencms/opencms//en/About-us/E-GOV-cell-at-CDSCO/index.html)[CDSCO,HQ accredited with Quality Management Systems IS/ISO 9001:2015 by BIS](https://cdsco.gov.in/opencms/opencms/en/Medical-Device-Diagnostics/Medical-Device-Diagnostics/#)

- [Home](https://cdsco.gov.in/opencms/opencms/en/)
- [Medical Devices\\
\\
& Diagnostics](https://cdsco.gov.in/opencms/opencms/en/Medical-Device-Diagnostics/)
- [Medical Device](https://cdsco.gov.in/opencms/opencms/en/Medical-Device-Diagnostics/Medical-Device-Diagnostics/)

## Medical Device & Diagnostics

[![Hero Banner Images](https://cdsco.gov.in/opencms/export/system/modules/CDSCO.WEB/resources/img/slider/medicaldevice3.jpg)](https://cdsco.gov.in/opencms/opencms/system/modules/com.alkacon.bootstrap.formatters/formatters/slider_med_cdsco.jsp)

[![Hero Banner Images](https://cdsco.gov.in/opencms/export/system/modules/CDSCO.WEB/resources/img/slider/md1.png)](https://cdsco.gov.in/opencms/opencms/system/modules/com.alkacon.bootstrap.formatters/formatters/slider_med_cdsco.jsp)

[![Hero Banner Images](https://cdsco.gov.in/opencms/export/system/modules/CDSCO.WEB/resources/img/slider/medicaldevice1.jpg)](https://cdsco.gov.in/opencms/opencms/system/modules/com.alkacon.bootstrap.formatters/formatters/slider_med_cdsco.jsp)

* * *

#### [About Medical Devices](https://cdsco.gov.in/opencms/opencms/en/Medical-Device-Diagnostics/Medical-Device-Diagnostics/\#collapse731bc9a1-2e67-11e8-9c7f-0a0027000000-1)

In India, all Medical Devices are regulated under the Drugs & Cosmetics Act, 1940 and Medical Devices Rules, 2017 made thereunder.

**Medical Devices means -**

All devices including an instrument, apparatus, appliance, implant, material or other article, whether used alone or in combination, including a software or an accessory, intended by its manufacturer to be used specially for human beings or animals which does not achieve the primary intended action in or on human body or animals by any pharmacological or immunological or metabolic means, but which may assist in its intended function by such means for one or more of the specific purposes of ―

•diagnosis, prevention, monitoring, treatment or alleviation of any disease or disorder;

•diagnosis, monitoring, treatment, alleviation or assistance for, any injury or disability;

•investigation, replacement or modification or support of the anatomy or of a physiological process;

•supporting or sustaining life;

•disinfection of medical devices; and

•control of conception.

**Risk-based Classification -**

Medical Devices are classified into four class based on the risk parameter as specified in Part I of the First Schedule of the Medical Devices Rules, 2017, as under:

- Low risk - Class A;

- Low moderate risk- Class B;

- Moderate high risk- Class C;

- High risk- Class D ""

#### [Functionalities](https://cdsco.gov.in/opencms/opencms/en/Medical-Device-Diagnostics/Medical-Device-Diagnostics/\#collapse731bc9a1-2e67-11e8-9c7f-0a0027000000-2)

**1.Grant of Certificate of Registration for a Notified Body for audit of Class A and Class B Medical Devices:** A notified body accredited by National Accreditation Body( designated by Central Government) may apply in MD 1 to CLA for grant of registration certificate in MD 2.

**2.Grant of Import Licence:** The applicant shall make an application in MD-14 in sugam online portal for grant of import licence in MD-15 to import Medical Devices.

**3.Grant of licence or loan licence to manufacture for sale or for distribution:** The applicant shall make an application in MD-7 & MD-8 in sugam online portal for Grant of manufacturing Licence / Loan Licence to Manufacture for Sale or for Distribution of Class C or Class D in MD-9 & MD-10.

**4.Grant of test licence to manufacture for test, evaluation, clinical investigations, etc.:** The applicant shall make an application in MD-12 in sugam online portal for licence in MD-13 to manufacture Medical Devices for purpose of clinical investigations, test, evaluation, examination, demonstration or training.

**5.Grant of test licence to import for test, evaluation, clinical investigations, etc.:** The applicant shall make an application in MD-16 in sugam online portal for licence in MD-17 to import Medical Devices for purpose of clinical investigations, test, evaluation, examination, demonstration or training.

**6.Grant of license to Import investigational medical device by Government hospital or statutory medical institution for treatment of patient**\- Small quantity of investigational medical device, the import of which is not allowed, but approved in the country of origin, may be allowed to be imported by the Central Licensing Authority for treatment of a patient suffering from a life threatening disease or disease causing serious permanent disability or disease requiring therapy for unmet medical need, on an application made by a Medical Officer through the medical superintendent of a Government hospital or a statutory medical institution in Form MD-18

**7.Permission to conduct clinical investigation of Investigational Medical Device:** The applicant shall make an application in MD-22 in sugam online portal for grant of permission to conduct clinical investigation of investigational medical device in MD-23.

**8.Permission to conduct clinical performance evaluation for new in vitro diagnostic medical device:** The applicant shall make an application in MD-24 in sugam online portal for grant of permission to conduct clinical performance evaluation of new in vitro diagnostic medical device in MD-25

**9.Permission to import or manufacture medical device which does not have its predicate device –** The applicant shall make an application in MD 26 in sugam online portal after completion of its clinical investigation to the CLA for grant permission to import or manufacture medical device which does not have predicate medical device in Form MD-27.

**10.Permission to import or manufacture new in vitro diagnostic medical device:** The applicant shall make an application in MD-28 in sugam online portal for grant of permission to Import or Manufacture for sale or for distribution of new in vitro diagnostic medical device in MD-29.

**11.Registration of Medical Device Testing Laboratory**: The applicant shall make an application in MD-39 in sugam online portal for grant of registration in MD-40 to medical device (MD) testing laboratory for test or evaluation on behalf of manufacturer.

**12.** Preparation of Guidance and FAQ on key activities.

**13.** Processing of application for Issuance of Free Sale Certificate for domestic manufacturers Medical Devices.

**14.** Processing of application for Issuance of Market Standing Certificate and Non- Conviction for Medical Devices

**15.** Complaint, Not of Standard Quality (NSQ) Verification.

**16.** Updating the list as per the Classification of Medical Devices from time to time.

**17.** Post Approval Changes in respect of Medical Devices.

**18.** Constitution of MD experts committee.

**19.** Inspection of manufacturing site for compliance of QMS by CLA/SLA.

**20.** Capacity building activities of technical management.

**21.** Preparing and submitting replies of Parliament Questions/RTIs/Clarifications/NOCs/ Port office queries

**22.** Providing clarification to applicant on the regulatory status of products

#### [Processes](https://cdsco.gov.in/opencms/opencms/en/Medical-Device-Diagnostics/Medical-Device-Diagnostics/\#collapse731bc9a1-2e67-11e8-9c7f-0a0027000000-3)

1. [Approval process for Application received Online Sugam Portal with respect to Medical Devices.](https://cdsco.gov.in/opencms/export/sites/CDSCO_WEB/Pdf-documents/medical-device/Approval_process_flowchart_MD_Online1.pdf)
2. [Approval process for Application received in Hard copy with respect to Medical Devices.](https://cdsco.gov.in/opencms/export/sites/CDSCO_WEB/Pdf-documents/medical-device/Approval_process_flowchart_MD_hardcopy2.pdf)
3. Approved Medical Devices under CLAA
   - [2010](https://cdsco.gov.in/opencms/export/sites/CDSCO_WEB/Pdf-documents/medical-device/CLAA_Year_2010.pdf)
   - [2011](https://cdsco.gov.in/opencms/export/sites/CDSCO_WEB/Pdf-documents/medical-device/CLAA_Year_2011.pdf)
   - [2012](https://cdsco.gov.in/opencms/export/sites/CDSCO_WEB/Pdf-documents/medical-device/CLAA_Year_2012.pdf)
   - [2013](https://cdsco.gov.in/opencms/export/sites/CDSCO_WEB/Pdf-documents/medical-device/CLAA_Year_2013.pdf)
   - [2014](https://cdsco.gov.in/opencms/export/sites/CDSCO_WEB/Pdf-documents/medical-device/CLAA_Year_2014.pdf)
   - [2015](https://cdsco.gov.in/opencms/export/sites/CDSCO_WEB/Pdf-documents/medical-device/CLAA_Year_2015.pdf)
   - [2016](https://cdsco.gov.in/opencms/export/sites/CDSCO_WEB/Pdf-documents/medical-device/CLAA_Year_-2016.pdf)
   - [2017](https://cdsco.gov.in/opencms/export/sites/CDSCO_WEB/Pdf-documents/medical-device/CLAA_Year_2017.pdf)
4. Import Registration Certificates
   - [2006-2008](https://cdsco.gov.in/opencms/export/sites/CDSCO_WEB/Pdf-documents/medical-device/med_div_06_08.pdf)
   - [2009](https://cdsco.gov.in/opencms/export/sites/CDSCO_WEB/Pdf-documents/medical-device/med_div_09.pdf)
   - [2010](https://cdsco.gov.in/opencms/export/sites/CDSCO_WEB/Pdf-documents/medical-device/med_div_10.pdf)
   - [2011](https://cdsco.gov.in/opencms/export/sites/CDSCO_WEB/Pdf-documents/medical-device/med_div_11.pdf)
   - [2012](https://cdsco.gov.in/opencms/export/sites/CDSCO_WEB/Pdf-documents/medical-device/med_div_12.pdf)
   - [2013](https://cdsco.gov.in/opencms/export/sites/CDSCO_WEB/Pdf-documents/medical-device/med_div_13.pdf)
   - [2014](https://cdsco.gov.in/opencms/export/sites/CDSCO_WEB/Pdf-documents/medical-device/med_div_2014.pdf)
   - [2015](https://cdsco.gov.in/opencms/export/sites/CDSCO_WEB/Pdf-documents/medical-device/med_div_2015.pdf)
   - [2016](https://cdsco.gov.in/opencms/export/sites/CDSCO_WEB/Pdf-documents/medical-device/med_div_-2016.pdf)

#### [Organogram](https://cdsco.gov.in/opencms/opencms/en/Medical-Device-Diagnostics/Medical-Device-Diagnostics/\#collapse731bc9a1-2e67-11e8-9c7f-0a0027000000-4)

![Medical Device Organogram](https://cdsco.gov.in/opencms/export/sites/CDSCO_WEB/Image_folder/MDDorganogramju25.jpg)

#### [Guideline](https://cdsco.gov.in/opencms/opencms/en/Medical-Device-Diagnostics/Medical-Device-Diagnostics/\#collapse731bc9a1-2e67-11e8-9c7f-0a0027000000-5)

- [![image](https://cdsco.gov.in/opencms/export/system/modules/CDSCO.WEB/resources/img/icons/faculty30x30.png)**Guidelines Document**](https://cdsco.gov.in/opencms/opencms/en/Medical-Device-Diagnostics/Medical-Device-Diagnostics/# ""Guidelines Document"")
01. [Medical Device Grouping Guideline with FAQ](https://cdsco.gov.in/opencms/export/sites/CDSCO_WEB/Pdf-documents/mdGroupingFAQ.pdf)
02. [Guidance Document for Manufacturers / Importers for voluntary/ mandatory registration of Medical Devices](https://cdsco.gov.in/opencms/export/sites/CDSCO_WEB/Pdf-documents/medical-device/Guidance-document-for-Registration-of-Non-Notified-Medical-Devices..pdf)
03. [Guidance Document for obtaining Free sale certificate for licensed Medical Devices in India](https://cdsco.gov.in/opencms/export/sites/CDSCO_WEB/Pdf-documents/medical-device/fscguidancerev2024.pdf)
04. [Essential Principles for Safety Performance of Medical Devices](https://cdsco.gov.in/opencms/export/sites/CDSCO_WEB/Pdf-documents/medical-device/Essentialprinciples25.pdf)
05. [Guidance Document on Grouping of Medical Devices and IVD](https://cdsco.gov.in/opencms/export/sites/CDSCO_WEB/Pdf-documents/medical-device/Guidelines_Grouping_of_MDandIVD.pdf)
06. [Guidance document for obtaining Market Standing Certificate & Non conviction certificate for licensed Medical Devices in India](https://cdsco.gov.in/opencms/export/sites/CDSCO_WEB/Pdf-documents/medical-device/MD-MSC-NCCguidannce.pdf)
07. [Regulatory Pathway to be followed for Medical Devices under MDR-2017](https://cdsco.gov.in/opencms/export/sites/CDSCO_WEB/Pdf-documents/medical-device/RegulatoryMDR-2017.pdf)
08. [Form MD-7 Specimen proforma for Medical Devices](https://cdsco.gov.in/opencms/export/sites/CDSCO_WEB/Pdf-documents/medical-device/FormMD7n.pdf)
09. [Form MD-8 Specimen proforma for Medical Devices](https://cdsco.gov.in/opencms/export/sites/CDSCO_WEB/Pdf-documents/medical-device/FormMD8Specimen.pdf)
10. [Form MD-14 Specimen proforma for Medical Devices](https://cdsco.gov.in/opencms/export/sites/CDSCO_WEB/Pdf-documents/medical-device/FormMD14n.pdf)
11. [Form MD-12 Specimen proforma for Medical Devices](https://cdsco.gov.in/opencms/export/sites/CDSCO_WEB/Pdf-documents/medical-device/MDMD12Tooltip.pdf)
12. [Form MD-16 Specimen proforma for Medical Devices](https://cdsco.gov.in/opencms/export/sites/CDSCO_WEB/Pdf-documents/medical-device/MDMD16Tooltip.pdf)
13. [Form MD-22 Specimen proforma for Medical Devices](https://cdsco.gov.in/opencms/export/sites/CDSCO_WEB/Pdf-documents/medical-device/FormMD22.pdf)
14. [Form MD-26 Specimen proforma for Medical Devices](https://cdsco.gov.in/opencms/export/sites/CDSCO_WEB/Pdf-documents/medical-device/FormMD26.pdf)
- [![UserguidePNG(30x30)](https://cdsco.gov.in/opencms/export/system/modules/CDSCO.WEB/resources/img/icons/UserguidePNG30x30.png)**Sugam User Manual**](https://cdsco.gov.in/opencms/export/sites/CDSCO_WEB/Pdf-documents/SUGAM_user_manual.pdf ""Sugam User Manual"")
- [![faq_icon(30x30)](https://cdsco.gov.in/opencms/export/system/modules/CDSCO.WEB/resources/img/icons/faq_icon30x30.png)**FAQ**](https://cdsco.gov.in/opencms/opencms/en/Medical-Device-Diagnostics/Medical-Device-Diagnostics/# ""FAQ"")
1. [FAQ on Medical Device Rule,2017](https://cdsco.gov.in/opencms/export/sites/CDSCO_WEB/Pdf-documents/MDfAq24.pdf)
2. [Addendum 01 to FAQ on Medical Devices Rules 2017](https://cdsco.gov.in/opencms/export/sites/CDSCO_WEB/Pdf-documents/Addendum-0152.pdf)
3. [Addendum 02 to FAQ on Medical Devices Rules 2017](https://cdsco.gov.in/opencms/export/sites/CDSCO_WEB/Pdf-documents/Addendum02faqmd.pdf)
4. [Addendum 03 to FAQ on Medical Devices Rules 2017](https://cdsco.gov.in/opencms/export/sites/CDSCO_WEB/Pdf-documents/Addendum-03-to-FAQ-on-Medical-Devices-Rules-2017.pdf)
5. [FAQ on Grouping Guidelines](https://cdsco.gov.in/opencms/export/sites/CDSCO_WEB/Pdf-documents/medical-device/FAQ_GroupingGuidelines.pdf)
- [![iStock(30x30)](https://cdsco.gov.in/opencms/export/system/modules/CDSCO.WEB/resources/img/icons/iStock30x30.jpg)**Checklist Documents**](https://cdsco.gov.in/opencms/opencms/en/Medical-Device-Diagnostics/Medical-Device-Diagnostics/# ""Chechlist Document"")
01. [Checklist for Grant of Non Conviction Certificate for Medical Devices](https://cdsco.gov.in/opencms/export/sites/CDSCO_WEB/Pdf-documents/medical-device/Checklist-for-NCC-MD.pdf)
02. [Checklist for Grant of Market Standing Certificate for Medical Devices](https://cdsco.gov.in/opencms/export/sites/CDSCO_WEB/Pdf-documents/medical-device/Checklist-for-MSC-MD.pdf)
03. [Checklist for Grant of Free Sale Certificate for Medical Devices](https://cdsco.gov.in/opencms/export/sites/CDSCO_WEB/Pdf-documents/medical-device/Checklist-for-FSC-MD.pdf)
04. [Checklist for Form MD-7 MD](https://cdsco.gov.in/opencms/export/sites/CDSCO_WEB/Pdf-documents/medical-device/7MD.pdf)
05. [Checklist for Form MD-8 MD](https://cdsco.gov.in/opencms/export/sites/CDSCO_WEB/Pdf-documents/medical-device/8MD.pdf)
06. [Checklist for Form MD-12 MD](https://cdsco.gov.in/opencms/export/sites/CDSCO_WEB/Pdf-documents/medical-device/12MD.pdf)
07. [Checklist for Form MD-14 MD](https://cdsco.gov.in/opencms/export/sites/CDSCO_WEB/Pdf-documents/medical-device/14MD.pdf)
08. [Checklist for Form MD-16 MD](https://cdsco.gov.in/opencms/export/sites/CDSCO_WEB/Pdf-documents/medical-device/16MD.pdf)
09. [Checklist for Form MD-22MD](https://cdsco.gov.in/opencms/export/sites/CDSCO_WEB/Pdf-documents/medical-device/ChecklisFormMD-22MD.pdf)
10. [Checklist for Form MD-26 MD](https://cdsco.gov.in/opencms/export/sites/CDSCO_WEB/Pdf-documents/medical-device/26MD.pdf)

#### [Approved Data](https://cdsco.gov.in/opencms/opencms/en/Medical-Device-Diagnostics/Medical-Device-Diagnostics/\#collapse731bc9a1-2e67-11e8-9c7f-0a0027000000-6)

1. [Approved Notified Body.](https://cdscomdonline.gov.in/NewMedDev/ListOfNotifiedBody)
2. [Approved Medical Device Testing Laboratory.](https://cdscomdonline.gov.in/NewMedDev/ListOfTestingLaboratory)
3. [Approved Device Details.](https://cdscomdonline.gov.in/NewMedDev/ListOfApprovedDevices)
4. [Risk Classification Approved Device Details.](https://www.cdscomdonline.gov.in/NewMedDev/ListOfApprovedRiskDevice)
5. [Risk Classification Approved Device ClassA(NSNM)Details.](https://www.cdscomdonline.gov.in/NewMedDev/ListOfApprovedRiskNSSMDevice)

- Alerts

- News

- Public Notices

- Gazette Notifications


102550100 entries per page

Search:

| S.no | Title | Release Date | Download Pdf | Pdf Size |
| --- | --- | --- | --- | --- |
| 1 | Medical Device Alert dated 08 May 2023 | 2023-May-23 |  | 1842 KB |
| 2 | Medical Device Alert dated 29 Dec 2022 | 2023-Jan-04 |  | 916 KB |
| 3 | Medical Device Alert date 21 July 2022 | 2022-Jul-21 |  | 1328 KB |
| 4 | Medical Device Alert date 21 June 2022 | 2022-Jun-21 |  | 5121 KB |
| 5 | Medical Device Alert date 14 June 2022 | 2022-Jun-14 |  | 955 KB |
| 6 | Medical Devices Alert 8 November 2021 | 2021-Nov-08 |  | 2370 KB |
| 7 | Medical Devices Alert on MiniMed 620G Insulin Pump/Pump Kits & MiniMed 640G Insulin Pump/Pump kit of India Medtronic Ltd | 2021-Oct-11 |  | 1976 KB |
| 8 | Alert\_FSN-Medtronic Heartware HVAD | 2021-Sep-17 |  | 285 KB |
| 9 | Medical Devices alert for Ventilator of Philips August 2021 | 2021-Aug-09 |  | 659 KB |
| 10 | Medical Devices alert july 2019 | 2019-Jul-02 |  | 567 kb |

Showing 1 to 10 of 38 entries

«‹1234›»

102550100 entries per page

Search:

| S.no | Title | Release Date | Download Pdf | Pdf Size |
| --- | --- | --- | --- | --- |
| 1 | Seminar on Strengthening Medical Device Licence Holders on Post-Market Safety Surveillance Practices in India and Medical Device Stakeholders Consultation Meeting PGIMER Chandigarh on 3rd September 2024 | 2024-Jul-26 |  | 1515 KB |
| 2 | Applicant User Manual For Form MD-41 | 2022-Nov-18 |  | 1335 KB |
| 3 | FSCA Form | 2019-Apr-09 |  | 404KB |
| 4 | Medical Device Adverse Event Reporting Form | 2019-Apr-09 |  | 460 KB |
| 5 | Frequently Asked Questions on Medical Device Rule 2017 | 2018-Dec-28 |  | 244 KB |
| 6 | Guidance Documents on Free Sale Certificate of Notified Medical Devices in India | 2018-Nov-06 |  | 446KB |
| 7 | Guidance on Performance Evaluation of In-vitro Diagnostic Medical Devices | 2018-Aug-10 |  | 144 KB |
| 8 | Grant of additional products & certificates like i.e. Market standing certificate, Non-conviction certificate and performance certificate etc. w.r.t. Medical Devices and In-vitro Diagnostics | 2018-Aug-08 |  | 408 KB |
| 9 | The National Coordination Centre (NCC)-Materiovigilance Programme of India (MvPI) has released Draft Guidance Document for Medical Devices. This is a unique document which covers all the relevant information related to Medical Device under one umbrella. Guidance Document is now available to seek stakeholderâs comments till 01/09/2018 (30 calendar days) | 2018-Aug-06 |  | 9,461,760 KB |
| 10 | Quality Control testing of viral load monitoring kits for HIV, HCV and HBV-Reg | 2018-Jul-24 |  | 639 KB |

Showing 1 to 10 of 88 entries

«‹12345…9›»

102550100 entries per page

Search:

| S.no | Title | Release Date | Download Pdf | Pdf Size |
| --- | --- | --- | --- | --- |
| 1 | Risk classification list of medical devices pertaining to Oncology | 2026-Jan-02 |  | 308 KB |
| 2 | Risk classification list of medical devices pertaining to Radiotherapy | 2025-Nov-27 |  | 389 KB |
| 3 | Risk classification list of medical devices pertaining to Interventional Radiology | 2025-Nov-27 |  | 441 KB |
| 4 | Risk based classification list of Class A(non-sterile and non-measuring) medical device | 2025-Oct-31 |  | 1069 KB |
| 5 | The list of standards published under Medical Equipment and Hospital Planning (MHD) of BIS as forwarded in 2025 | 2025-Oct-22 |  | 367 KB |
| 6 | Draft guidance document on conduct of Medical Device Software under MDR 2017 | 2025-Oct-21 |  | 1945 KB |
| 7 | Separate provision for subsequent Importer in Online system for Medical Devices | 2025-Sep-15 |  | 477 KB |
| 8 | Regulatory requirements for outsourcing sterilization activity of medical devices by a manufacturer under Medical Device Rules 2017 | 2025-Jun-24 |  | 713 KB |
| 9 | Provision for auto-generated Market Standing Certificate and Non-Conviction Certificate for licenced medical device | 2025-Apr-09 |  | 307 KB |
| 10 | Provision for system auto-generated Neutral Code by the manufacturer for the export purpose under Medical Devices Rules 2017 | 2025-Apr-09 |  | 404 KB |

Showing 1 to 10 of 148 entries

«‹12345…15›»

102550100 entries per page

Search:

| S.no | Title | Release Date | Download Pdf | Pdf Size |
| --- | --- | --- | --- | --- |
| 1 | 02.06. 2023 G.S.R 409(E) Medical Devices | 2023-Jun-02 |  | 1157 KB |
| 2 | MDR\_G.S.R. 777(E) dt\_14.10.2022\_exemption of non sterile and non measuring Class A medical devices from licensing regime | 2022-Oct-14 |  | 1102 KB |
| 3 | G.S.R. 777(E) 14 Oct 2022 Final notification for exemption of non sterile and non measuring Class A medical devices from licensing regime | 2022-Oct-14 |  | 1020 KB |
| 4 | GSR 754 (E) 30-09-2022 sale of medical device retail and wholesale | 2022-Sep-30 |  | 1348 KB |
| 5 | 2022.09.28\_S.O.\_4573(E)\_Notification for designation of RDTL Chandigarh also as CMDTL as per MDR 2017 | 2022-Sep-28 |  | 1291 KB |
| 6 | 2022.09.20\_Draft\_GSR 710(E)\_Exemption of certain Class A medical device from licensing regime | 2022-Sep-20 |  | 1300 KB |
| 7 | 2022.08.02\_S.O. 3739(E)\_Notification of Medical Devices Testing Officer for CMDTL | 2022-Aug-02 |  | 1126 KB |
| 8 | 2022.06.15\_Final GSR 450(E)\_To amend Fourth Schedule wrt TSE or BSE certificate under MDR | 2022-Jun-15 |  | 1348 KB |
| 9 | 2022.05.18\_Final GSR 356(E)\_Insert rule 43A for Suspension and cancellation of license in MDR 2017 | 2022-May-18 |  | 1137 KB |
| 10 | 2022.02.09\_Draft GSR 104(E)\_Regulation of sale of medical devices via registration of premises under MDR, 2017 | 2022-Feb-09 |  | 1520 KB |

Showing 1 to 10 of 35 entries

«‹1234›»",,"{{description}}, he Central Drugs Standard Control Organisation(CDSCO)under Directorate General of Health Services,Ministry of Health & Family Welfare,Government of India is the National Regulatory Authority (NRA) of India.",,,
CDSCO IVD Classification: Everything You Need to Know - Pharmadocx Consultants,https://pharmadocx.com/cdsco-ivd-classification-system/,"# CDSCO IVD Classification: Everything You Need to Know

![](https://pharmadocx.com/wp-content/uploads/2024/08/CDSCO-IVD-Classification-Thumbnail.png)

![](https://pharmadocx.com/wp-content/uploads/2024/12/Pharmadocx-Logo.jpg)

#### Written by Pharmadocx Consultants



#### [Medical Device](https://pharmadocx.com/category/medical-device/)



#### 19 August 2024

In-vitro diagnostic devices are instruments, reagents, or systems intended to diagnose a disease or other health conditions. IVD tests are usually performed in test tubes and similar equipment outside the body. Moreover, the tests can be performed using various instruments from small handheld devices to complex laboratory equipment. Additionally, these tests can be performed at the patient’s homes, laboratories, or health care facilities. Given the role of IVDs in patient diagnosis, stringent regulations for invitro diagnostic devices are required for patient safety. Previously, there were no regulations for IVDs or guidelines for registration of IVDs in India. However, IVD regulatory guidelines under the purview of Drug and Cosmetic Act 1940 & Rules of 1945 have been introduced now. The Central Drugs Standard Control Organisation (CDSCO) has categories IVDs into various classes for the ease of CDSCO registration and license application. Herein, we will focus on the CDSCO IVD classification system.

Currently, approximately, 250 in-vitro diagnostic devices (IVDs) are regulated in India. The CDSCO regulates the import, manufacture, and sale of [IVDs in India](https://pharmadocx.com/cdsco-regulations-for-medical-devices-and-ivds-in-india-2/). Moreover, CDSCO regulations for invitro diagnostic devices provide guidelines for IVD manufacturers/importers to ensure their devices are safe and effective. Furthermore, [Medical Device Rules](https://cdsco.gov.in/opencms/opencms/en/Acts-and-rules/Medical-Devices-Rules/), 2017, has laid down the risk-based CDSCO IVD classification system. Compliance with Indian IVD regulations is mandatory to register your devices in India. The CDSCO is aimed at enforcing these regulations to monitor the quality, efficacy, and safety of IVDs. Additionally, it takes required corrective measures in case of any non-compliance.

Different regulatory guidelines and license types are applicable for different CDSCO IVD classes. IVD manufacturers/importers must apply for IVD registration depending on the applicable CDSCO IVD classification. They must comply with all the [CDSCO IVD regulations](https://cdsco.gov.in/opencms/opencms/en/Medical-Device-Diagnostics/InVitro-Diagnostics/) to avoid regulatory sanctions.

## **CDSCO IVD classification**

CDSCO has categorised IVDs into four classes based on their associated risk level and intended use. IVDs are categorised as Class A, B, C, and D for the ease of CDSCO registration and license application. We have provided an overview of the CDSCO IVD classification system.

### **CDSCO class A IVD devices**

Low risk IVD devices that have the following intended use will be categorised as class A.

- A substance/object with specific characteristic that make it suitable for an IVD procedure associated with a certain examination.
- A device that is specifically to be used for an IVD procedure.

**Examples:** Reagents and solutions to be used for laboratory testing.

### **CDSCO class B IVD devices**

Moderate risk IVD devices that have the following intended use will be categorised as class B.

- IVD devices intended for self-testing are categorised Class B. The devices should be used to obtain preliminary test results that need confirmation using appropriate laboratory tests. These IVD test results should not be used for the final diagnosis of a medically critical status.

**Examples:** Blood glucose test strips, pregnancy test kits, and urine analysis test strips.

### **CDSCO class C IVD devices**

Moderate-high risk IVD devices that have the following intended use will be categorised as class C.

- Pre-natal screening of women to analyse their immune system status with respect to transmissible agents.
- IVD device to be used for detecting the presence of an infectious agent, in case there is a significant risk that an incorrect result will be detrimental.
- IVD device to be used for detecting infective disease status or immune system status, where there is a risk that an incorrect result will lead to an imminent life-threatening situation for the patient being tested.
- In vitro diagnostic devices intended for testing human genetics.
- Devices to be used for blood gas analysis or a blood glucose determination.
- Devices used for screening of disease staging in order to select patients for selective therapy and management.
- Monitoring levels of biological or substance components or medicinal items, where there is a risk that an erroneous result will be life-threatening.
- In vitro diagnostic devices intended for managing patients suffering from life-threatening infectious diseases.
- IVD device intended for detecting the presence or exposure to a sexually transmitted disease.
- In vitro diagnostic devices intended for detecting the presence of an infectious agent in the cerebrospinal fluid/blood.
- IVDs intended for blood grouping or tissue typing. Additionally, devices intended to evaluate the immunological compatibility of any cell, tissue, blood and blood component, blood derivative, or organ that is intended for transplantation or transfusion.
- IVD devices for screening of congenital disorders in the foetus.

**Examples:** Hepatitis testing kits, HIV testing kits, and cancer diagnostic kits are classified as Class C IVD devices.

### **CDSCO class D IVD devices**

High risk IVD devices that have the following intended use will be categorised as class D.

- IVD devices for detecting the presence of or exposure to a transmissible agent.
- IVD devices for detecting any cell, tissue, blood, blood component, blood derivative, or organ for transplantation or transfusion. Additionally, in vitro diagnostic devices for detecting the aforementioned components that can cause a life-threatening disease with a high risk of propagation.

**Examples:** Companion diagnostics and some laboratory-developed tests

## **License and application forms as per CDSCO IVD classification**

Different application forms and licenses are required for different CDSCO IVD classes. CDSCO regulations for invitro diagnostic devices have provided different guidelines for different CDSCO IVD classes.

### **License and application forms for Class A and B IVD devices as per CDSCO IVD classification**

- **Manufacturing license:** The applicant will have to use MD 3 to apply for a license to manufacture, sell, and distribute Class A and B IVD devices in India. The license to manufacture Class A and B IVD devices for sale and distribution in India will be granted under [MD 5](https://pharmadocx.com/md-5-licesne-class-a-b-medical-devices/).
- **Loan license:** A [loan license](https://pharmadocx.com/cdsco-loan-license-for-medical-devices/) permits a company without a manufacturing facility to manufacture IVDs. With the loan license, the company can use the manufacturing facility of another company that is manufacturing the particular product. The applicant will have to use MD 4 to apply for a loan license for Class A and B IVD devices. The loan license to manufacture Class A and B IVDs without a manufacturing facility will be granted under MD 6.
- **Import license:** The application for importing Class A and B IVDs into India is filed under MD 14. The license to import Class A and B IVDs into India for sale and distribution is granted under [MD-15](https://pharmadocx.com/cdsco-import-license-consultant-for-medical-devices-in-india/).

### **License and application forms for Class C and D IVD devices as per CDSCO IVD classification**

- **Manufacturing license:** The applicant will have to use MD 7 to apply for a license to manufacture, sell, and distribute Class C and D IVD devices in India. The license to manufacture Class C and D IVD devices for sale and distribution in India will be granted under [MD 9](https://pharmadocx.com/cdsco-md9-manufacturing-license-consultant-for-medical-devices-in-india/).
- **Loan license:** A loan license permits a company without a factory and facility to manufacture IVDs. With the loan license, the company can use the manufacturing facility of another company that is manufacturing the same IVD.  The applicant will have to use MD 8 to apply for a loan license for Class C and D IVD devices. Loan license to manufacture Class C and D IVDs without a facility and factory will be granted under MD 10.
- **Import license:** The application for importing Class C and D IVDs into India is filed under MD 14. The license to import Class C and D IVDs into India for sale and distribution is granted under MD-15.

## **Regulatory support for obtaining CDSCO license for IVDs in India**

Regulations for invitro diagnostic devices are vital for patient safety and protection of public health. IVDs have an indispensable role in the healthcare industry. They have a vital role in diagnosing diseases and providing prognosis as well as monitoring progress. Hence, CDSCO has laid down stringent regulations for invitro diagnostic devices in India to ensure patient safety and improve patient outcome.

IVD manufacturers/importers will have to navigate through the CDSCO IVD classification to understand which regulations are applicable for their product. Additionally, the CDSCO regulations for IVDs at times are difficult to comprehend. We at Pharmadocx Consultants provide regulatory support for obtaining CDSCO license for IVDs in India. To secure CDSCO IVD license in a hassle-free manner, call/Whatsapp on [9996859227](tel:9996859227) or drop an email at [contact@pharmadocx.com](mailto:contact@pharmadocx.com).

### Looking For a Medical Device or Pharma Consultant?

Name

Email Address

Mobile Number

Message

Submit

Pharmadocx Newsletter Form

Your subscription could not be saved. Please try again.


Your subscription has been successful.


Newsletter

Subscribe to weekly our newsletter and stay updated.

Enter your email address to subscribe

Provide your email address to subscribe. For e.g abc@xyz.com


SUBSCRIBE


### Blog Categories

- [Medical Devices](https://pharmadocx.com/category/medical-device/)
- [CDSCO](https://pharmadocx.com/category/medical-device/)
- [Pharmaceuticals](https://pharmadocx.com/category/pharmaceutical/)
- [Medical Device License Requirements](https://pharmadocx.com/category/medical-device-license-requirements/)
- [GMP Documentation](https://pharmadocx.com/category/gmp-documentation/)
- [Cosmetics](https://pharmadocx.com/category/cosmetics/)
- [WHO GMP](https://pharmadocx.com/category/who-gmp/)

## Let's Talk!

We'd love to hear from you! Whether you have questions about our pharmaceutical plant setup consultation services or want to discuss a potential project, our team is here to help. Simply fill out the form below, and we'll get back to you as soon as possible. Alternatively, you can reach out to us directly using the phone number or email address listed on this page. We look forward to connecting with you!

- [Follow](https://www.facebook.com/Pharmadocx ""Follow on Facebook"")
- [Follow](https://www.youtube.com/@pharmadocxconsultants1345 ""Follow on Youtube"")

Name

Email Address

Mobile Number

Message

Submit



#### Phone / Whatsapp

[+91 9896133556](tel:+919896133556)

[+91 9996859227](tel:9996859227)



#### Email

[contact@pharmadocx.com](mailto:contact@pharmadocx.com)

[yd@pharmadocx.com](mailto:yd@pharmadocx.com)



#### Address

- Head Office - Opposite Dewan Mill, Old D.C. Road Sonepat - 131001 Haryana, India
- Registered Office - Netaji Subhash Place, Delhi, 110034

[← Prev: Indian Cosmetics Labelling Guidelines: Cosmetics Rules, 2020](https://pharmadocx.com/a-guide-on-indian-cosmetics-labelling-guidelines/)[Next: A Detailed Guide on How to Import Cosmetics from UK into India →](https://pharmadocx.com/how-to-import-cosmetics-from-uk-into-india/)

## You May Also Like…

[![How to Easily Register a Medical Device with CDSCO in 2026?](<Base64-Image-Removed>)](https://pharmadocx.com/how-to-register-a-medical-device-with-cdsco-in-2026/)

## [How to Easily Register a Medical Device with CDSCO in 2026?](https://pharmadocx.com/how-to-register-a-medical-device-with-cdsco-in-2026/)

May 14, 2026

Central Drugs Standard Control Organization (CDSCO) regulates and controls all medical devices entering the Indian...

[![CDSCO MD9 Manufacturing License in 2026: Documents & Procedure](<Base64-Image-Removed>)](https://pharmadocx.com/how-to-get-cdsco-md9-manufacturing-license-in-2026/)

## [CDSCO MD9 Manufacturing License in 2026: Documents & Procedure](https://pharmadocx.com/how-to-get-cdsco-md9-manufacturing-license-in-2026/)

May 13, 2026

Central Drugs Standard Control Organization (CDSCO) regulates and monitors all medical devices in India. The CDSCO MD9...

[![CDSCO MD15 Import License for Medical Devices in 2026: Procedure & Documents](<Base64-Image-Removed>)](https://pharmadocx.com/easily-get-cdsco-md15-import-license/)

## [CDSCO MD15 Import License for Medical Devices in 2026: Procedure & Documents](https://pharmadocx.com/easily-get-cdsco-md15-import-license/)

May 10, 2026

The CDSCO regulates the import of medical devices into India. Hence, you have to mandatorily secure the CDSCO...

You cannot copy content of this page

Contact Us!

WhatsApp

Chat with Us on WhatsApp! We reply within 5 minutes!

Open chat

reCAPTCHA

Recaptcha requires verification.

protected by **reCAPTCHA**",,CDSCO IVD classification system. CDSCO IVD classes. CDSCO regulations for IVDs. CDSCO Classification of IVD devices in India,,https://pharmadocx.com/wp-content/uploads/2024/08/CDSCO-IVD-Classification-Thumbnail.png,https://pharmadocx.com/wp-content/uploads/2023/03/cropped-pharmadocx-logo-32x32.png
"Accredited Consultants Private Limited in Noida, India",https://www.acplgroupindia.in/page/in-vitro-diagnostic-ivd-device-registration-in-india-by-accredited-consultants-pvt-ltd/68281c18854577da48b24b8b,"vmn,91,08045132036

Accredited Consultants Private Limited

✖

Services

Updates

Search

https://www.acplgroupindia.in

![Preview](https://proj.s-cdn.boostkit.dev/5eda2675d0c6770001f67d91/v206/images/preview.png?v=206)

## This is your website preview.

Currently it only shows your basic business info. Start adding relevant business details such as description, images and products or services to gain your customers attention by using Boost 360 [android app](http://bit.ly/AndroidBoost) / [iOS App](http://bit.ly/iOSBoost) [/ web portal](https://boost.nowfloats.com/).

I UNDERSTAND

919266665201

Chat with us![](https://proj.s-cdn.boostkit.dev/5eda2675d0c6770001f67d91/v206/icon/wa-icon.svg?v=206)

## Chat with us on WhatsApp

×

Start Chatting

## Make an enquiry

×

Submit

## Share Us On

×

1. [Home](https://www.acplgroupindia.in/)
2. [All pages](https://www.acplgroupindia.in/pages/1)
3. In Vitro Diagnostic (IVD)...

[Home](https://www.acplgroupindia.in/)/All pages/In Vitro Diagnostic (IVD)...

In Vitro Diagnostic (IVD) Device Registration in India By Accredited Consultants Pvt. Ltd.2025-05-17T05:18:162025-05-17T05:18:16![](https://proj.s-cdn.boostkit.dev/5eda2675d0c6770001f67d91/v206/images/img-preload.gif?v=206)Accredited Consultants Private Limited

Accredited Consultants Private Limited

![Accredited Consultants Private Limited's favicon](https://proj.s-cdn.boostkit.dev/5eda2675d0c6770001f67d91/v206/images/img-preload.gif?v=206)

# In Vitro Diagnostic (IVD) Device Registration in India By Accredited Consultants Pvt. Ltd.

### **In Vitro Diagnostic (IVD) Device Registration in India**

_By Accredited Consultants Pvt. Ltd._

**In Vitro Diagnostic (IVD)** medical devices are critical tools used to detect diseases, conditions, and infections by examining biological samples such as blood, urine, or tissue. These devices range from basic test kits to highly sophisticated laboratory analyzers. Given their vital role in healthcare, their safety, efficacy, and quality are stringently regulated in India.

In India, IVD devices fall under the purview of the **Central Drugs Standard Control Organization (CDSCO)**, governed by the **Medical Devices Rules, 2017**. Manufacturers and importers of notified IVD devices must obtain prior approval and licensing from CDSCO before selling or distributing their products in the Indian market.

At **Accredited Consultants Pvt. Ltd.**, we specialize in providing regulatory support for **IVD registration and compliance**, offering end-to-end guidance to ensure a seamless approval process.

* * *

### **Regulatory Classification of IVDs in India**

The CDSCO classifies IVD devices into four risk-based classes— **Class A (low risk), Class B (low-moderate), Class C (moderate-high), and Class D (high risk)**. The classification depends on the intended use, impact on public health, and risk to the individual.

For example:

- **Class A & B** IVDs may include routine diagnostic test kits.

- **Class C & D** IVDs may include HIV, Hepatitis, and blood group testing kits.


* * *

### **Licensing Process for IVD Devices**

1. **For Importers:**
   - Submit application through **Form MD-14**.

   - CDSCO issues the license in **Form MD-15** after evaluating documents and, if required, conducting an audit or technical review.

   - A valid **Free Sale Certificate**, ISO 13485 certification, and performance data must be submitted.
2. **For Indian Manufacturers:**
   - Apply using **Form MD-3** for Class A & B or **Form MD-4** for Class C & D.

   - License granted via **Form MD-5** or **MD-6**, depending on the class and CDSCO evaluation.

* * *

### **Key Documentation Required**

- **Device Master File (DMF)**

- **Plant Master File (PMF)**

- **Clinical Evaluation/Performance Studies (if applicable)**

- **ISO 13485 Certification**

- **Free Sale Certificate (for imports)**

- **Labels, Instructions for Use (IFU), product catalogues**


Proper documentation and classification are crucial for timely approval. Any misclassification or missing documents can lead to delays or rejections.

* * *

### **How We Help – Our Services**

At **Accredited Consultants Pvt. Ltd.**, we provide:

- Expert classification of IVDs as per CDSCO risk categories

- Complete dossier preparation and technical documentation support

- Coordination with CDSCO and authorized test laboratories

- Application submission and regulatory follow-up

- Post-license compliance, modifications, and renewals


We understand the regulatory challenges businesses face and offer customized solutions to help you achieve full compliance without delays.

* * *

### **Why Choose Us**

With years of experience and a deep understanding of Indian medical device regulations, **Accredited Consultants Pvt. Ltd.** has successfully guided numerous clients through the IVD approval process. Whether you're a startup, global manufacturer, or distributor, we ensure your product enters the Indian market quickly, legally, and with confidence.

**Contact us today** to begin your IVD registration journey with a trusted regulatory partner by your side.

0 year agoMessage Us![share icon](https://proj.s-cdn.boostkit.dev/5eda2675d0c6770001f67d91/v206/icon/share.svg?v=206)[![whatsapp icon](https://proj.s-cdn.boostkit.dev/5eda2675d0c6770001f67d91/v206/icon/whatsapp.svg?v=206)](https://wa.me/?text=https://www.acplgroupindia.in/page/in-vitro-diagnostic-ivd-device-registration-in-india-by-accredited-consultants-pvt-ltd/68281c18854577da48b24b8b """")[![facebook icon](https://proj.s-cdn.boostkit.dev/5eda2675d0c6770001f67d91/v206/icon/facebook.svg?v=206)](https://www.facebook.com/sharer/sharer.php?u=https://www.acplgroupindia.in/page/in-vitro-diagnostic-ivd-device-registration-in-india-by-accredited-consultants-pvt-ltd/68281c18854577da48b24b8b """")[![linkedin icon](https://proj.s-cdn.boostkit.dev/5eda2675d0c6770001f67d91/v206/icon/linkedin.svg?v=206)](http://www.linkedin.com/shareArticle?mini=true&url=https://www.acplgroupindia.in/page/in-vitro-diagnostic-ivd-device-registration-in-india-by-accredited-consultants-pvt-ltd/68281c18854577da48b24b8b """")[![pinterest icon](https://proj.s-cdn.boostkit.dev/5eda2675d0c6770001f67d91/v206/icon/pinterest.svg?v=206)](https://pinterest.com/pin/create/button/?https://www.acplgroupindia.in/page/in-vitro-diagnostic-ivd-device-registration-in-india-by-accredited-consultants-pvt-ltd/68281c18854577da48b24b8b """")

### Other Pages

Drug Registration2026-01-22T11:47:012026-01-22T11:47:01![](https://proj.s-cdn.boostkit.dev/5eda2675d0c6770001f67d91/v206/images/img-preload.gif?v=206)Accredited Consultants Private Limited

Accredited Consultants Private Limited

![Accredited Consultants Private Limited's favicon](https://proj.s-cdn.boostkit.dev/5eda2675d0c6770001f67d91/v206/images/img-preload.gif?v=206)

[Drug Registration](https://www.acplgroupindia.in/page/drug-registration/69720e355343fcfa5e977729)

112 days ago![](https://proj.s-cdn.boostkit.dev/5eda2675d0c6770001f67d91/v206/icon/share.svg?v=206)[read more](https://www.acplgroupindia.in/page/drug-registration/69720e355343fcfa5e977729)[![](https://proj.s-cdn.boostkit.dev/5eda2675d0c6770001f67d91/v206/icon/whatsapp.svg?v=206)](https://wa.me/?text=https://www.acplgroupindia.in/page/drug-registration/69720e355343fcfa5e977729 """")[![](https://proj.s-cdn.boostkit.dev/5eda2675d0c6770001f67d91/v206/icon/facebook.svg?v=206)](https://www.facebook.com/sharer/sharer.php?u=https://www.acplgroupindia.in/page/drug-registration/69720e355343fcfa5e977729 """")[![](https://proj.s-cdn.boostkit.dev/5eda2675d0c6770001f67d91/v206/icon/linkedin.svg?v=206)](http://www.linkedin.com/shareArticle?mini=true&url=https://www.acplgroupindia.in/page/drug-registration/69720e355343fcfa5e977729 """")[![](https://proj.s-cdn.boostkit.dev/5eda2675d0c6770001f67d91/v206/icon/pinterest.svg?v=206)](https://pinterest.com/pin/create/button/?https://www.acplgroupindia.in/page/drug-registration/69720e355343fcfa5e977729 """")

Drug / Pharma Firm Registration2025-10-10T06:33:262025-10-10T06:33:26![](https://proj.s-cdn.boostkit.dev/5eda2675d0c6770001f67d91/v206/images/img-preload.gif?v=206)Accredited Consultants Private Limited

Accredited Consultants Private Limited

![Accredited Consultants Private Limited's favicon](https://proj.s-cdn.boostkit.dev/5eda2675d0c6770001f67d91/v206/images/img-preload.gif?v=206)

[Drug / Pharma Firm Registration](https://www.acplgroupindia.in/page/drug-pharma-firm-registration/68e8a8b67147697d70ed2b27)

216 days ago![](https://proj.s-cdn.boostkit.dev/5eda2675d0c6770001f67d91/v206/icon/share.svg?v=206)[read more](https://www.acplgroupindia.in/page/drug-pharma-firm-registration/68e8a8b67147697d70ed2b27)[![](https://proj.s-cdn.boostkit.dev/5eda2675d0c6770001f67d91/v206/icon/whatsapp.svg?v=206)](https://wa.me/?text=https://www.acplgroupindia.in/page/drug-pharma-firm-registration/68e8a8b67147697d70ed2b27 """")[![](https://proj.s-cdn.boostkit.dev/5eda2675d0c6770001f67d91/v206/icon/facebook.svg?v=206)](https://www.facebook.com/sharer/sharer.php?u=https://www.acplgroupindia.in/page/drug-pharma-firm-registration/68e8a8b67147697d70ed2b27 """")[![](https://proj.s-cdn.boostkit.dev/5eda2675d0c6770001f67d91/v206/icon/linkedin.svg?v=206)](http://www.linkedin.com/shareArticle?mini=true&url=https://www.acplgroupindia.in/page/drug-pharma-firm-registration/68e8a8b67147697d70ed2b27 """")[![](https://proj.s-cdn.boostkit.dev/5eda2675d0c6770001f67d91/v206/icon/pinterest.svg?v=206)](https://pinterest.com/pin/create/button/?https://www.acplgroupindia.in/page/drug-pharma-firm-registration/68e8a8b67147697d70ed2b27 """")

[Check all 131 pages](https://www.acplgroupindia.in/pages/1)

## Subscribe for latest offers & updates

We hate spam too.

Submit

reCAPTCHA

Recaptcha requires verification.

I'm not a robot

reCAPTCHA

Book Appointment

No services available for booking.

Select Staff

![](https://proj.s-cdn.boostkit.dev/5eda2675d0c6770001f67d91/v206/images/user.svg?v=206)

AnyBody

![](https://proj.s-cdn.boostkit.dev/5eda2675d0c6770001f67d91/v206/icon/morning.svg?v=206)Morning

![](https://proj.s-cdn.boostkit.dev/5eda2675d0c6770001f67d91/v206/icon/noon.svg?v=206)Afternoon

![](https://proj.s-cdn.boostkit.dev/5eda2675d0c6770001f67d91/v206/icon/evening.svg?v=206)Evening

![](https://proj.s-cdn.boostkit.dev/5eda2675d0c6770001f67d91/v206/icon/night.svg?v=206)Night

Appointment Slot Unavailable

CloseDone

Your enquiry

Mobile or Email

SEND

Appointment date & time

Sunday, 7 Aug, 6:00 PM

Your Name

Mobile Number

Email Id

Message

Balinese massage - 60 min

INR200

INR500

Pay OnlinePay Later

Confirm Booking

servicesTrueFalse+918045132036

5eda2675d0c6770001f67d915aa63fc38783010e4427572b5aa63fc38783010e4427572bDRUGCONSULTANTS

reCAPTCHA",,"Accredited Consultants Pvt Ltd (ACPL), the flagship company of the ACPL Group of Companies, is a leading consultancy firm providing a comprehensive range of pr",,https://fplogoimages.withfloats.com/actual/f02f2f7fb45c4db3a3e4f5d549e561fa.jpeg,https://fpimages.withfloats.com/actual/67ff83b75135c8c0a685abee.png
